INSERT INTO hexrepo VALUES('0000-0000-0000-0000');
INSERT INTO hexrepo VALUES('0000-0000-0000-0001');
INSERT INTO hexrepo VALUES('0000-0000-0000-0002');
INSERT INTO hexrepo VALUES('0000-0000-0000-0003');

INSERT INTO hexdata VALUES('0000-0000-0000-0000','exits','0');
INSERT INTO hexdata VALUES('0000-0000-0000-0001','exits','0');
INSERT INTO hexdata VALUES('0000-0000-0000-0002','exits','36');
INSERT INTO hexdata VALUES('0000-0000-0000-0003','exits','20');

INSERT INTO hexmap VALUES(-2,2,0,'0000-0000-0000-0001');
INSERT INTO hexmap VALUES(-1,2,-1,'0000-0000-0000-0001');
INSERT INTO hexmap VALUES(0,2,-2,'0000-0000-0000-0001');
INSERT INTO hexmap VALUES(1,1,-2,'0000-0000-0000-0001');
INSERT INTO hexmap VALUES(2,0,-2,'0000-0000-0000-0001');
INSERT INTO hexmap VALUES(2,-1,-1,'0000-0000-0000-0001');
INSERT INTO hexmap VALUES(2,-2,0,'0000-0000-0000-0001');
INSERT INTO hexmap VALUES(1,-2,1,'0000-0000-0000-0001');
INSERT INTO hexmap VALUES(0,-2,2,'0000-0000-0000-0001');
INSERT INTO hexmap VALUES(-1,-1,2,'0000-0000-0000-0001');
INSERT INTO hexmap VALUES(-2,0,2,'0000-0000-0000-0001');
INSERT INTO hexmap VALUES(-2,1,1,'0000-0000-0000-0001');
INSERT INTO hexmap VALUES(-1,1,0,'0000-0000-0000-0003');
INSERT INTO hexmap VALUES(0,1,-1,'0000-0000-0000-0003');
INSERT INTO hexmap VALUES(1,0,-1,'0000-0000-0000-0003');
INSERT INTO hexmap VALUES(1,-1,0,'0000-0000-0000-0003');
INSERT INTO hexmap VALUES(0,-1,1,'0000-0000-0000-0003');
INSERT INTO hexmap VALUES(-1,0,1,'0000-0000-0000-0003');
INSERT INTO hexmap VALUES(0,0,0,'0000-0000-0000-0000');

INSERT INTO mapdata VALUES(-2,2,'direction','N');
INSERT INTO mapdata VALUES(-1,2,'direction','N');
INSERT INTO mapdata VALUES(0,2,'direction','N');
INSERT INTO mapdata VALUES(1,1,'direction','N');
INSERT INTO mapdata VALUES(2,0,'direction','N');
INSERT INTO mapdata VALUES(2,-1,'direction','N');
INSERT INTO mapdata VALUES(2,-2,'direction','N');
INSERT INTO mapdata VALUES(1,-2,'direction','N');
INSERT INTO mapdata VALUES(0,-2,'direction','N');
INSERT INTO mapdata VALUES(-1,-1,'direction','N');
INSERT INTO mapdata VALUES(-2,0,'direction','N');
INSERT INTO mapdata VALUES(-2,1,'direction','N');
INSERT INTO mapdata VALUES(-1,1,'direction','SE');
INSERT INTO mapdata VALUES(0,1,'direction','E');
INSERT INTO mapdata VALUES(1,0,'direction','NE');
INSERT INTO mapdata VALUES(1,-1,'direction','N');
INSERT INTO mapdata VALUES(0,-1,'direction','SW');
INSERT INTO mapdata VALUES(-1,0,'direction','S');
INSERT INTO mapdata VALUES(0,0,'direction','SE');